id,connector_count
15160,32
15161,24
15162,54
15163,64
15164,24
15165,24
15167,60
15168,86
15169,24
15170,20
15173,24
15174,130
15175,40
15176,12
15177,20
15178,6
15179,112
15180,156
15181,18
15182,24
15183,20
15184,24
15185,44
15186,10
15187,24
15188,10
15189,24
15190,8
15191,24
15192,24
15193,12
15194,24
15195,24
15196,24
15197,8
15198,24
15199,8
15200,16
15201,20
15202,26
15203,20
15205,16
15206,64
15207,12
15208,12
15209,24
15211,18
15212,24
15213,148
15214,20
15215,44
15216,44
15217,24
15218,154
15219,124
15220,56
15221,8
15222,72
15223,30
15224,30
15226,16
15227,14
15228,48
15229,28
15230,14
15231,22
15232,64
15233,78
15234,62
15235,112
15236,10
15237,94
15238,38
15241,6
15242,24
15243,20
15245,24
15246,24
15247,24
15248,24
15249,8
15250,6
15251,6
15252,24
15253,8
15254,8
15255,8
15256,8
15257,8
15258,8
15259,8
15260,24
15261,24
15262,24
15264,16
15265,8
15267,24
15268,24
15269,24
15270,16
15271,24
15272,16
15273,28
15274,24
15275,12
15276,108
15277,8
15278,34
15279,16
15280,22
15281,24
15282,12
15283,16
15284,8
15285,24
15286,10
15287,24
15288,16
15289,24
15290,6
15291,16
15292,16
15293,6
15294,22
15295,24
15296,24
15297,24
15298,32
15299,24
15300,24
15301,10
15302,8
15303,10
15304,8
15306,126
15307,28
15308,8
15309,24
15310,24
15311,16
15312,16
15313,10
15314,24
15315,16
15316,60
15317,16
15318,24
15319,24
15320,26
15321,84
15322,50
15323,16
15324,16
15325,20
15326,8
15327,8
15328,12
15329,20
15330,8
15331,24
15333,8
15334,8
15335,16
15336,30
15337,8
15338,36
15339,24
15340,14
15341,48
15342,20
15343,16
15344,12
15345,30
15346,16
15347,12
15348,8
15349,16
15350,16
15351,24
15352,16
15354,8
15355,68
15356,126
15357,440
15358,6
15359,444
15361,16
15362,224
15364,26
15366,48
15367,26
15368,80
15369,116
15370,60
15371,56
15372,84
15373,116
15374,64
15375,70
15376,116
15377,64
15388,82
15390,182
15391,100
15393,162
15394,318
15396,100
15397,120
15398,156
15399,148
15400,110
15401,96
15407,106
15408,106
15409,50
15410,74
15411,16
15413,90
15414,30
15417,116
15418,70
15420,184
15421,100
15422,22
15423,54
15424,104
15425,114
15426,112
15427,68
15428,156
15429,128
15430,92
15431,120
15432,56
15433,130
15434,212
15435,118
15436,826
15437,150
15438,608
15439,370
15440,152
15441,32
15443,212
15444,34
15445,62
15454,174
15455,16
15457,106
15458,54
15459,96
15460,28
15461,132
15462,44
15465,28
15466,70
15467,92
15468,84
15469,86
15471,98
15472,116
15473,40
15475,168
15477,280
15478,368
15481,8
15482,160
15490,1202
15491,446
15494,16
15496,64
15500,24
15506,142
15507,12
15508,20
15509,84
15510,8
15511,14
15513,20
15515,24
15516,16
15518,30
15519,8
15520,44
15521,52
15523,36
15524,56
15525,4
15526,80
15527,34
15528,598
15529,12
15531,120
15532,172
15533,142
15536,150
15537,12
15538,16
15539,10
15540,10
15542,48
15543,24
15544,2556
15546,100
15547,212
15548,40
15549,310
15550,96
15551,24
15552,22
15553,154
15554,192
15555,176
15557,68
15558,304
15560,100
15562,24
15563,76
15564,32
15565,4
15566,44
15567,64
15568,14
15569,8
15570,8
15571,8
15572,12
15573,48
15574,8
15575,4
15576,6
15577,4
15578,4
15579,74
15580,12
15581,16
15582,12
15584,8
15585,8
15586,24
15587,12
15588,8
15589,12
15590,8
15592,90
15593,4
15594,8
15595,4
15596,80
15597,16
15599,8
15600,8
15601,4
15602,20
15605,124
15606,8
15608,4
15609,12
15610,8
15618,40
15620,12
15626,8
15627,12
15628,20
15629,12
15630,8
15631,12
15632,12
15634,16
15636,12
15637,8
15639,8
15644,12
15648,4
15649,8
15658,20
15659,12
15660,8
15661,4
15663,20
15664,16
15668,8
15669,8
15670,12
15672,16
15673,8
15674,16
15678,4
15689,24
15691,4
15692,8
15693,20
15697,12
15700,12
15706,3
15707,3
15708,6
15709,4
15710,5
15711,4
15712,8
15713,8
15714,3
15715,10
15716,15
15717,8
15718,5
15719,7
15720,3
15721,5
15722,4
15723,4
15724,4
15725,2
15726,1
15727,2
15728,10
15729,6
15730,2
15731,12
15732,13
15733,6
15734,9
15735,11
15736,12
15737,11
15738,10
15739,7
15740,9
15741,10
15742,7
15743,2
15744,7
15745,19
15746,2
15747,2
15748,3
15749,4
15750,2
15751,2
15752,9
15753,9
15754,10
15755,5
15756,10
15757,10
15758,4
15759,9
15760,8
15761,7
15762,4
15763,2
15764,5
15765,8
15766,2
15767,4
15768,4
15770,2
15771,3
15772,9
15773,10
15774,11
15775,12
15776,3
15777,4
15778,3
15779,3
15780,8
15781,4
15782,4
15783,2
15784,8
15785,4
15786,4
15787,7
15788,5
15789,5
15790,3
15791,4
15792,6
15793,5
15794,8
15795,12
15796,2
15797,2
15798,8
15799,5
15800,3
15801,2
15802,7
15803,1
15804,2
15805,11
15807,2
15808,3
15809,3
15810,10
15811,8
15814,3
15815,8
15816,1
15817,8
15818,7
15819,4
15820,10
15821,2
15822,1
15823,1
15824,8
15825,8
15826,3
15827,7
15828,4
15829,10
15830,6
15831,6
15832,9
15834,2
15835,6
15836,6
15837,6
15838,8
15839,10
15840,8
15841,2
15842,7
15843,3
15844,8
15845,3
15846,5
15847,4
15848,8
15849,2
15850,2
15851,2
15852,5
15853,2
15854,2
15855,2
15857,4
15858,9
15859,2
15860,4
15861,5
15862,6
15863,4
15864,4
15865,6
15866,3
15867,5
15868,7
15869,2
15870,3
15871,10
15872,6
15873,2
15874,4
15875,2
15877,2
15879,8
15881,6
15882,9
15883,10
15884,6
15885,2
15886,9
15887,3
15889,2
15890,2
15891,4
15892,8
15894,5
15896,8
15898,4
15899,3
15900,10
15902,3
15903,2
15904,5
15905,3
15906,10
15909,2
15910,6
15911,7
15913,2
15914,6
15915,4
15916,9
15917,8
15918,4
15920,3
15921,2
15922,6
15923,3
15924,2
15925,18
15926,4
15927,4
15928,2
15929,2
15930,2
15931,2
15932,4
15933,3
15934,8
15935,3
15936,8
15937,3
15939,6
15940,3
15941,5
15942,4
15943,6
15944,6
15945,3
15946,2
15947,4
15949,2
15950,3
15951,6
15952,2
15953,6
15954,2
15955,6
15956,3
15957,2
15958,10
15959,6
15960,8
15961,6
15962,6
15963,6
15964,6
15965,6
15966,4
15967,8
15968,6
15970,8
15971,8
15972,8
15973,8
15974,2
15975,8
15976,6
15977,6
15978,3
15979,6
15980,3
15981,6
15982,6
15983,3
15984,4
15985,8
15986,7
15987,8
15988,2
15989,3
15990,3
15991,7
15992,4
15993,4
15994,3
15995,4
15996,3
15997,6
15998,6
15999,9
16000,3
16001,3
16002,3
16003,2
16005,3
16006,4
16007,6
16008,4
16009,6
16010,6
16011,8
16012,3
16013,6
16014,3
16015,4
16016,4
16017,2
16018,6
16019,6
16020,6
16021,3
16022,3
16023,3
16024,3
16025,14
16026,3
16027,8
16028,3
16029,10
16030,2
16031,3
16032,4
16033,6
16034,4
16035,11
16036,6
16037,10
16038,2
16040,2
16041,8
16042,7
16043,5
16044,6
16045,6
16046,3
16047,9
16048,7
16049,8
16050,4
16051,3
16053,1
16054,4
16055,3
16056,14
16057,8
16058,8
16059,12
16060,6
16061,5
16062,4
16063,2
16064,2
16065,4
16066,13
16067,2
16070,3
16072,4
16073,6
16074,4
16075,3
16076,9
16077,3
16078,10
16079,14
16080,19
16082,3
16083,3
16084,8
16085,3
16086,3
16088,3
16089,2
16090,3
16091,2
16092,4
16093,6
16094,3
16095,8
16096,2
16097,5
16098,2
16099,16
16100,2
16101,10
16102,6
16103,2
16104,4
16105,4
16106,11
16107,4
16108,14
16109,19
16110,11
16111,12
16112,2
16113,6
16114,15
16116,15
16117,3
16118,2
16119,5
16120,6
16121,3
16122,3
16123,6
16124,6
16125,2
16126,3
16127,11
16128,3
16129,18
16130,18
16131,15
16132,5
16133,2
16134,10
16135,8
16136,3
16137,3
16138,4
16139,6
16140,3
16141,4
16142,4
16143,8
16144,2
16145,2
16146,4
16147,11
16148,3
16149,2
16150,5
16151,6
16152,2
16153,2
16154,3
16155,2
16156,2
16157,2
16158,3
16159,6
16160,6
16161,4
16162,8
16163,4
16164,3
16165,4
16166,4
16167,19
16168,2
16169,7
16171,3
16172,3
16173,4
16174,3
16175,4
16176,4
16177,2
16178,2
16179,2
16180,33
16181,11
16182,3
16183,10
16184,5
16185,2
16186,4
16187,6
16188,10
16189,12
16190,10
16191,11
16192,8
16193,1
16194,4
16195,8
16196,15
16197,3
16198,2
16199,4
16200,4
16201,2
16202,2
16203,3
16204,2
16205,3
16207,3
16208,10
16209,12
16210,2
16211,8
16212,3
16214,6
16215,3
16216,5
16217,8
16218,3
16219,3
16220,3
16221,3
16222,4
16223,2
16224,4
16225,8
16226,3
16227,4
16228,3
16229,4
16230,6
16231,6
16232,6
16233,3
16234,2
16235,2
16236,2
16237,20
16238,4
16239,2
16240,3
16241,2
16242,3
16243,19
16244,10
16245,10
16246,2
16247,28
16248,3
16249,8
16250,6
16251,2
16252,10
16253,3
16254,2
16255,3
16256,2
16257,10
16258,6
16259,4
16260,2
16261,12
16262,2
16263,3
16264,2
16265,2
16266,2
16267,3
16268,2
16269,3
16270,3
16271,2
16272,2
16273,4
16274,4
16275,2
16276,10
16277,3
16278,7
16279,2
16280,4
16281,4
16282,10
16283,2
16284,12
16285,14
16286,12
16287,2
16288,4
16289,9
16290,4
16291,8
16292,24
16293,46
16295,11
16296,2
16297,33
16298,20
16299,16
16300,24
16301,15
16302,1
16303,1
16304,10
16305,15
16306,15
16307,58
16308,10
16310,4
16311,16
16312,18
16313,8
16314,61
16316,6
16317,2
16318,1
16319,4
16320,8
16321,8
16322,10
16323,8
16324,6
16325,10
16326,4
16327,4
16328,4
16329,4
16330,8
16331,12
16332,6
16333,23
16334,23
16335,30
16336,6
16337,6
16338,4
16339,12
16341,2
16342,2
16343,29
16345,24
16346,2
16347,8
16348,6
16349,3
16350,10
16351,2
16352,12
16353,10
16354,6
16355,6
16356,6
16357,6
16358,4
16359,10
16360,10
16361,10
16362,14
16363,20
16364,4
16365,4
16366,4
16367,5
16368,4
16369,6
16370,6
16371,6
16372,4
16373,4
16374,6
16375,6
16376,4
16377,4
16378,18
16379,3
16380,11
16381,6
16382,8
16383,10
16384,4
16385,4
16386,8
16387,6
16388,6
16389,8
16390,6
16391,4
16392,23
16393,1
16394,30
16395,12
16396,18
16397,8
16398,32
16400,10
16402,83
16403,4
16404,6
16405,6
16406,27
16407,10
16408,90
16409,4
16410,10
16411,8
16412,14
16413,10
16414,6
16415,1
16416,7
16417,4
16418,7
16419,6
16420,7
16421,4
16422,9
16423,12
16424,10
16425,9
16426,12
16427,6
16428,20
16429,41
16430,46
16431,6
16432,45
16433,17
16434,4
16435,6
16436,8
16437,3
16438,8
16439,6
16440,10
16441,6
16442,4
16443,10
16444,4
16445,6
16446,4
16447,73
16448,6
16449,4
16450,58
16451,58
16452,8
16453,6
16454,68
16455,10
16456,6
16457,1
16458,4
16459,47
16460,6
16461,4
16462,4
16463,2
16464,6
16465,4
16466,10
16467,6
16468,4
16469,2
16470,6
16471,8
16472,8
16473,4
16474,10
16475,4
16476,1
16477,4
16478,12
16479,4
16481,4
16482,6
16483,2
16484,13
16485,3
16486,6
16487,4
16488,6
16489,10
16490,6
16491,6
16492,1
16493,6
16494,10
16495,6
16496,6
16497,4
16498,6
16499,1
16500,4
16501,4
16502,4
16503,10
16504,8
16505,20
16506,4
16507,8
16508,4
16509,6
16510,4
16511,6
16512,6
16513,6
16514,14
16515,10
16517,6
16518,4
16519,4
16520,8
16521,2
16522,4
16523,4
16524,6
16525,2
16526,16
16527,6
16528,4
16529,8
16530,8
16531,47
16532,6
16533,8
16534,6
16535,5
16536,3
16537,83
16538,6
16539,6
16540,24
16541,2
16542,22
16543,23
16544,29
16545,10
16546,8
16547,8
16548,6
16549,2
16550,8
16551,10
16552,10
16553,4
16554,4
16555,4
16556,3
16557,6
16558,6
16559,6
16560,3
16562,20
16563,158
16564,10
16565,26
16566,4
16567,132
16569,16
16570,16
16571,6
16573,1
16574,6
16575,10
16576,4
16578,12
16580,25
16581,20
16582,10
16583,15
16584,6
16585,11
16586,12
16587,4
16588,4
16589,4
16590,3
16591,7
16592,1
16593,4
16594,4
16595,4
16596,4
16597,8
16598,10
16599,20
16600,8
16601,10
16602,16
16603,6
16604,6
16605,8
16606,6
16607,4
16608,4
16610,10
16611,14
16612,14
16619,37
16620,8
16621,13
16622,25
16623,12
16624,6
16625,12
16626,6
16628,8
16629,66
16630,32
16631,30
16632,22
16633,14
16634,4
16635,3
16636,3
16637,9
16638,8
16639,8
16640,16
16641,14
16642,86
16643,58
16644,57
16645,12
16646,6
16647,14
16648,4
16649,10
16650,4
16651,6
16652,6
16653,4
16655,6
16656,6
16657,12
16658,4
16659,4
16660,4
16661,4
16662,5
16663,4
16664,2
16665,4
16666,8
16667,4
16668,6
16669,6
16670,6
16671,6
16672,5
16674,4
16675,4
16676,8
16677,8
16678,4
16679,6
16680,4
16681,4
16682,4
16683,4
16684,10
16685,4
16686,4
16687,4
16688,4
16689,4
16690,6
16691,4
16692,4
16693,6
16694,9
16695,10
16696,6
16697,6
16698,12
16699,6
16700,6
16701,4
16702,4
16703,8
16704,14
16705,10
16706,8
16707,6
16708,10
16709,6
16710,4
16711,4
16712,8
16713,2
16714,15
16715,7
16716,3
16717,3
16718,4
16719,8
16720,8
16721,12
16722,2
16724,12
16725,1
16726,10
16727,8
16728,6
16729,2
16730,2
16731,6
16732,8
16733,4
16734,10
16735,4
16736,4
16737,4
16738,4
16739,4
16740,4
16741,6
16742,8
16743,8
16744,10
16745,4
16746,4
16747,6
16748,4
16749,2
16750,2
16751,2
16752,3
16753,8
16754,13
16755,2
16756,10
16757,40
16758,4
16759,3
16760,6
16761,10
16762,2
16763,4
16764,55
16765,6
16766,7
16767,4
16768,5
16769,10
16770,4
16771,6
16772,6
16774,4
16775,4
16776,4
16777,8
16778,4
16779,6
16780,2
16781,4
16782,6
16783,4
16784,2
16785,2
16786,8
16787,4
16788,4
16789,2
16790,2
16791,2
16792,2
16793,4
16794,6
16795,8
16797,10
16798,20
16800,5
16801,37
16803,6
16804,8
16805,10
16806,6
16807,4
16808,10
16811,10
16812,7
16815,15
16816,12
16820,6
16821,4
16822,4
16823,6
16824,8
16825,4
16827,6
16842,6
16843,6
16844,7
16845,10
16846,6
16847,8
16848,4
16849,1
16850,1
16851,2
16852,4
16853,1
16854,4
16855,4
16856,4
16857,4
16858,4
16859,4
16860,4
16861,4
16862,4
16863,10
16864,6
16865,8
16866,2
16867,4
16868,4
16869,4
16872,5
16873,22
16874,2
16875,4
16876,4
16877,4
16878,4
16879,4
16880,6
16881,4
16882,6
16883,4
16884,4
16885,4
16886,2
16887,8
16888,2
16889,8
16890,3
16891,10
16892,4
16893,2
16894,8
16895,6
16896,4
16897,6
16898,4
16899,4
16900,1
16901,3
16902,3
16903,2
16904,4
16905,2
16906,9
16907,3
16909,10
16910,3
16912,4
16913,2
16914,4
16915,2
16916,4
16917,4
16918,2
16919,2
16920,2
16921,2
16922,2
16923,2
16924,2
16925,2
16926,2
16927,8
16928,6
16929,7
16930,2
16931,4
16932,4
16933,2
16934,4
16935,6
16936,2
16937,1
16938,4
16939,4
16940,12
16941,6
16943,6
16944,6
16945,8
16946,2
16947,4
16948,4
16949,4
16950,2
16951,6
16952,5
16953,5
16954,8
16955,8
16956,4
16957,6
16958,4
16959,4
16960,11
16961,9
16962,4
16963,6
16964,2
16965,2
16966,4
16967,2
16968,4
16969,4
16970,6
16971,10
16972,1
16973,6
16974,6
16975,4
16976,4
16977,6
16978,6
16979,6
16980,1
16981,4
16982,1
16983,6
16984,2
16985,4
16986,4
16987,6
16988,4
16989,4
16990,4
16991,4
16992,2
16993,6
16994,4
16995,4
16996,4
16997,3
16998,8
16999,8
17000,8
17001,2
17002,2
17003,4
17004,4
17005,6
17006,6
17007,6
17008,6
17009,6
17010,1
17011,6
17012,2
17013,4
17014,4
17015,4
17016,4
17017,4
17018,6
17019,16
17020,2
17021,4
17022,6
17023,4
17024,4
17025,12
17026,4
17027,1
17028,4
17029,4
17030,3
17031,3
17032,4
17033,2
17034,2
17035,2
17036,6
17037,2
17038,2
17039,4
17040,4
17041,4
17042,4
17043,4
17044,2
17045,6
17046,5
17047,2
17048,4
17050,18
17051,6
17053,4
17054,4
17055,1
17056,4
17057,6
17058,4
17059,4
17060,4
17061,4
17062,4
17063,4
17064,6
17065,4
17066,4
17067,7
17068,2
17069,2
17070,2
17071,2
17072,4
17073,6
17074,4
17075,2
17076,4
17077,4
17078,4
17079,4
17080,4
17081,7
17082,3
17083,3
17084,6
17085,4
17086,4
17087,4
17088,4
17089,2
17090,4
17091,2
17092,2
17093,2
17094,2
17095,2
17096,2
17097,4
17098,8
17099,6
17100,4
17101,3
17102,4
17103,4
17104,6
17105,10
17106,4
17107,4
17108,2
17109,4
17110,3
17111,2
17112,4
17113,8
17115,6
17116,8
17117,4
17118,6
17119,4
17120,4
17121,4
17122,4
17123,4
17124,4
17125,2
17126,4
17127,4
17128,4
17129,4
17130,4
17131,1
17132,4
17133,4
17134,4
17135,6
17136,6
17137,2
17138,6
17139,4
17140,2
17141,8
17142,4
17143,4
17144,4
17145,4
17146,6
17147,8
17148,6
17149,6
17150,8
17151,4
17152,8
17153,4
17154,4
17155,4
17156,4
17157,6
17158,4
17159,4
17160,4
17161,6
17162,4
17163,6
17164,4
17165,4
17166,1
17167,1
17169,1
17170,1
17172,1
17173,1
17174,8
17175,8
17178,5
17179,3
17180,1
17181,6
17182,2
17183,2
17184,6
17185,4
17186,6
17187,4
17188,6
17189,6
17190,14
17191,2
17192,2
17193,3
17194,12
17195,20
17196,29
17197,30
17198,80
17199,54
17200,36
17201,30
17202,53
17203,236
17204,4
17205,6
17206,4
17207,6
17208,6
17209,4
17210,10
17211,4
17212,2
17213,7
17214,4
17215,6
17216,6
17217,4
17218,2
17219,4
17220,12
17221,6
17222,177
17223,2
17224,4
17225,6
17226,4
17227,4
17228,4
17229,5
17230,3
17232,8
17233,8
17234,10
17235,6
17236,4
17237,2
17238,4
17239,6
17240,4
17241,4
17242,2
17243,2
17244,6
17245,3
17246,3
17247,4
17248,8
17250,10
17251,2
17252,6
17253,6
17254,6
17255,6
17256,11
17257,10
17258,24
17259,33
17260,17
17261,6
17262,6
17264,8
17265,2
17266,3
17268,4
17269,2
17270,2
17271,8
17272,2
17273,27
17274,30
17275,4
17276,4
17277,4
17278,2
17279,4
17280,8
17281,6
17282,7
17283,18
17287,4
17289,4
17292,5
17294,4
17296,8
17298,6
17299,5
17300,5
17302,4
17303,4
17309,29
17310,13
17311,12
17313,7
17314,10
17316,12
17321,5
17322,15
17323,1
17324,9
17325,6
17327,5
17328,9
17329,9
17330,10
17332,36
17333,36
17335,4
17336,4
17337,5
17338,2
17339,8
17340,8
17341,27
17343,6
17344,36
17345,10
17346,8
17348,6
17349,4
17350,6
17351,4
17352,2
17353,3
17354,2
17355,4
17356,4
17357,4
17358,4
17359,1
17360,2
17361,4
17362,4
17363,4
17364,4
17365,4
17366,88
17367,2
17368,2
17369,5
17370,4
17371,4
17372,10
17373,18
17374,4
17375,1
17376,2
17377,2
17378,6
17379,2
17380,6
17381,6
17382,6
17383,4
17384,4
17385,2
17386,6
17387,1
17388,16
17389,9
17390,6
17391,4
17392,18
17393,18
17394,20
17395,4
17396,30
17397,10
17398,4
17399,6
17400,4
17401,4
17402,4
17403,6
17404,4
17405,4
17406,6
17407,4
17408,4
17409,4
17410,12
17411,4
17412,6
17413,6
17414,4
17415,3
17416,3
17417,3
17418,3
17419,3
17420,1
17421,1
17422,6
17423,2
17424,4
17426,3
17427,4
17428,4
17429,3
17430,4
17431,6
17432,4
17433,4
17434,6
17435,6
17436,5
17437,4
17438,4
17439,4
17440,6
17441,4
17442,2
17443,10
17444,6
17445,4
17446,6
17447,3
17448,1
17449,4
17450,6
17451,6
17452,2
17453,14
17454,2
17455,6
17456,6
17457,4
17458,6
17459,4
17460,4
17461,6
17462,4
17463,5
17464,4
17465,4
17466,6
17467,14
17468,6
17469,4
17470,4
17471,7
17472,14
17473,14
17474,10
17475,9
17476,4
17477,4
17478,14
17479,6
17480,4
17481,6
17482,6
17483,5
17484,4
17485,6
17486,4
17487,6
17488,6
17489,6
17490,4
17491,4
17492,10
17493,6
17495,6
17496,10
17497,6
17498,6
17499,16
17501,4
17502,10
17503,7
17504,6
17505,9
17506,4
17507,4
17508,4
17509,10
17510,4
17511,6
17512,6
17513,1
17514,4
17515,5
17516,4
17520,2
17522,4
17523,12
17525,6
17526,2
17528,8
17529,10
17530,4
17531,7
17532,20
17534,14
17535,6
17536,6
17537,4
17538,2
17540,9
17541,6
17542,6
17543,2
17544,4
17546,4
17547,4
17548,3
17549,4
17550,4
17551,20
17554,6
17555,6
17556,4
17557,2
17558,4
17559,4
17560,2
17561,4
17562,4
17563,4
17564,4
17565,4
17566,6
17567,4
17568,3
17569,4
17571,12
17572,6
17573,3
17574,6
17575,5
17576,6
17577,6
17578,4
17579,7
17580,6
17581,18
17583,10
17584,8
17585,6
17586,8
17588,6
17589,8
17590,4
17591,4
17592,11
17593,6
17594,10
17595,6
17596,6
17597,4
17598,5
17599,4
17600,4
17601,7
17602,4
17603,2
17604,4
17605,4
17606,4
17607,8
17608,9
17610,5
17611,2
17612,6
17613,4
17614,3
17615,1
17616,6
17617,4
17618,7
17621,1
17622,3
17623,4
17624,2
17625,6
17626,4
17627,4
17628,4
17629,2
17630,2
17631,6
17632,4
17633,6
17634,2
17635,4
17636,6
17637,4
17638,6
17639,4
17640,14
17641,6
17642,6
17643,4
17644,4
17646,2
17647,2
17648,2
17649,2
17650,10
17651,4
17652,4
17653,6
17654,8
17655,16
17656,6
17657,9
17658,4
17659,7
17660,7
17661,2
17662,4
17663,2
17664,4
17665,4
17666,2
17667,4
17668,6
17669,8
17670,19
17671,18
17672,5
17673,5
17674,7
17675,4
17676,2
17677,5
17678,10
17679,4
17680,10
17681,4
17682,2
17683,21
17684,6
17686,10
17687,4
17688,4
17689,6
17690,15
17691,5
17692,4
17693,6
17694,4
17695,13
17696,19
17697,8
17698,8
17699,12
17700,2
17701,12
17702,6
17703,6
17704,7
17705,4
17706,6
17707,4
17708,6
17709,18
17710,10
17712,8
17713,8
17714,10
17715,10
17717,8
17718,7
17719,17
17720,25
17721,17
17722,10
17723,20
17724,10
17725,5
17726,3
17727,20
17728,4
17730,4
17732,18
17733,4
17734,3
17735,4
17736,12
17737,4
17738,20
17739,6
17740,10
17742,6
17743,20
17744,8
17745,8
17747,10
17748,6
17749,4
17750,4
17752,10
17753,6
17754,4
17755,4
17756,18
17757,4
17758,2
17759,4
17760,6
17762,8
17763,4
17765,8
17767,9
17768,4
17769,5
17770,8
17771,6
17772,6
17773,2
17774,7
17775,8
17776,5
17777,21
17778,2
17779,4
17780,3
17781,6
17782,2
17783,12
17784,12
17785,10
17786,6
17787,6
17788,8
17789,28
17790,9
17791,4
17792,10
17793,6
17794,26
17795,10
17796,8
17797,5
17798,4
17799,6
17800,6
17802,6
17803,22
17804,7
17805,4
17806,6
17807,5
17808,26
17810,14
17811,2
17812,8
17813,18
17814,38
17815,21
17816,8
17817,11
17818,6
17819,16
17820,12
17821,168
17822,4
17823,15
17824,4
17825,10
17826,8
17827,26
17828,25
17829,5
17830,14
17831,6
17832,6
17833,6
17834,8
17835,11
17836,27
17837,4
17838,4
17839,5
17841,12
17842,4
17843,5
17844,16
17845,5
17846,16
17847,9
17848,12
17849,3
17850,4
17851,8
17852,6
17853,4
17854,5
17855,5
17856,4
17857,12
17858,4
17859,4
17860,6
17861,12
17862,12
17863,9
17864,6
17865,6
17867,12
17868,10
17869,8
17870,6
17872,10
17874,5
17875,8
17876,4
17877,6
17878,4
17879,4
17880,6
17882,4
17885,52
17886,24
17888,6
17889,6
17890,4
17891,4
17892,4
17893,8
17894,16
17895,14
17896,34
17897,6
17898,4
17899,4
17900,14
17901,6
17902,26
17903,11
17905,9
17906,6
17907,10
17909,6
17910,6
17912,10
17914,20
17915,16
17916,12
17917,6
17918,4
17919,18
17920,25
17921,4
17922,8
17923,4
17924,9
17925,8
17926,12
17927,6
17928,8
17929,14
17930,15
17931,6
17933,20
17935,5
17936,15
17937,15
17938,9
17939,15
17940,10
17943,8
17944,16
17945,14
17946,10
17948,6
17949,10
17950,18
17951,8
17952,6
17953,8
17954,4
17955,6
17956,6
17957,4
17958,6
17959,16
17960,17
17961,30
17962,14
17964,8
17965,10
17966,12
17967,13
17968,6
17969,8
17970,10
17971,8
17972,8
17973,7
17974,6
17975,6
17976,6
17977,19
17979,4
17980,10
17981,2
17982,6
17983,4
17984,16
17985,4
17986,6
17987,4
17988,10
17990,6
17992,18
17993,8
17994,6
17995,8
17996,18
17997,27
17998,4
17999,8
18000,8
18001,6
18002,12
18003,8
18004,5
18005,10
18006,4
18007,10
18008,16
18009,12
18010,6
18011,6
18012,10
18013,26
18014,14
18015,4
18016,6
18017,17
18018,6
18019,8
18020,16
18021,4
18022,6
18023,4
18024,6
18025,26
18026,22
18028,10
18029,6
18030,6
18031,8
18032,8
18034,6
18035,4
18037,4
18038,8
18039,4
18040,6
18041,2
18042,10
18043,26
18044,6
18046,8
18047,4
18048,18
18049,16
18050,17
18051,12
18052,8
18053,6
18054,8
18055,6
18056,3
18057,24
18058,29
18059,10
18060,10
18061,10
18062,5
18063,12
18064,6
18065,8
18066,4
18067,6
18068,6
18069,23
18070,4
18071,14
18072,10
18074,20
18075,12
18076,6
18077,6
18078,4
18079,8
18080,6
18081,22
18082,22
18083,24
18084,6
18085,6
18086,6
18087,4
18088,6
18089,14
18090,17
18091,10
18092,2
18093,6
18096,8
18097,5
18098,6
18099,6
18100,6
18101,8
18102,4
18103,10
18104,10
18105,8
18106,6
18107,16
18108,14
18109,6
18110,8
18111,11
18112,4
18113,6
18114,14
18115,4
18116,14
18117,10
18118,4
18119,14
18120,8
18121,8
18122,8
18123,6
18124,10
18125,4
18126,10
18127,4
18128,4
18129,10
18130,2
18131,12
18132,30
18133,4
18134,10
18135,10
18136,16
18137,23
18138,9
18139,6
18141,15
18142,8
18143,6
18144,4
18145,6
18147,4
18148,8
18149,22
18150,18
18151,10
18152,17
18153,11
18154,16
18156,6
18157,10
18159,9
18160,26
18162,22
18163,21
18164,6
18165,2
18166,33
18167,2
18168,36
18169,6
18172,13
18173,16
18174,16
18175,18
18176,6
18177,10
18178,20
18179,6
18180,5
18181,6
18183,4
18184,4
18185,18
18186,4
18188,10
18189,19
18190,4
18191,18
18192,12
18193,18
18194,8
18195,4
18199,16
18200,8
18201,6
18202,3
18203,6
18204,22
18205,22
18206,10
18207,8
18208,5
18209,4
18210,6
18211,16
18213,10
18214,20
18216,8
18217,4
18218,18
18219,8
18220,16
18221,11
18223,6
18224,2
18225,2
18228,14
18229,4
18230,8
18231,4
18232,25
18234,4
18236,4
18239,4
18240,18
18241,8
18242,6
18243,2
18244,8
18245,12
18247,10
18248,10
18250,4
18251,12
18253,15
18254,8
18255,10
18256,8
18257,12
18259,2
18260,4
18261,8
18262,6
18263,6
18264,6
18265,4
18266,6
18267,8
18268,6
18269,12
18271,4
18272,21
18275,6
18276,8
18277,4
18278,8
18279,10
18281,6
18282,4
18283,20
18284,24
18285,4
18286,8
18287,6
18288,10
18289,6
18290,6
18291,6
18292,10
18293,8
18294,14
18295,18
18296,4
18297,4
18298,6
18299,14
18300,14
18301,10
18302,6
18304,8
18306,6
18307,10
18309,4
18310,6
18311,10
18312,10
18313,6
18314,10
18316,8
18317,8
18318,4
18319,8
18320,50
18321,6
18322,6
18323,7
18324,10
18325,17
18326,14
18327,10
18328,14
18331,4
18332,4
18334,22
18335,4
18336,8
18337,8
18339,4
18341,36
18342,26
18343,5
18344,9
18345,2
18346,4
18347,20
18348,6
18350,8
18352,40
18355,8
18356,14
18357,18
18358,12
18359,32
18361,10
18362,10
18363,8
18364,12
18365,10
18366,30
18367,4
18368,6
18369,6
18371,10
18373,6
18376,16
18377,4
18378,4
18379,8
18380,19
18382,9
18383,6
18384,13
18385,18
18388,14
18389,12
18391,14
18392,20
18393,17
18394,26
18395,9
18396,10
18397,8
18398,10
18399,10
18400,6
18402,8
18403,12
18405,24
18406,6
18408,8
18409,6
18410,6
18411,8
18412,5
18413,4
18416,22
18417,4
18418,24
18419,26
18420,6
18421,12
18423,15
18425,6
18426,6
18427,6
18428,8
18430,6
18431,14
18432,8
18433,6
18434,8
18435,12
18439,2
18441,6
18443,6
18444,22
18448,6
18449,38
18450,6
18451,6
18453,12
18454,12
18455,7
18456,6
18457,10
18458,10
18459,14
18460,10
18461,8
18463,23
18464,4
18466,8
18468,18
18469,6
18472,6
18474,8
18475,10
18477,7
18478,6
18480,40
18481,8
18483,30
18484,5
18489,17
18490,6
18491,4
18492,10
18494,10
18495,10
18497,10
18498,8
18500,6
18501,10
18502,12
18503,18
18504,24
18506,10
18507,10
18508,20
18509,10
18510,4
18511,2
18512,7
18513,2
18514,10
18515,5
18516,8
18517,1
18518,18
18519,1
18520,6
18521,40
18522,6
18523,8
18524,13
18525,18
18527,6
18528,7
18529,6
18530,8
18535,2
18545,2
18546,4
18547,2
18549,2
18556,2
18564,8
18565,18
18566,4
18567,4
18568,8
18570,8
18571,8
18575,8
18576,12
18577,10
18578,10
18582,18
18583,6
18584,6
18585,10
18590,2
18597,6
18598,2
18599,8
18605,2
18614,6
18615,10
18620,19
18631,72
18632,91
18636,12
18639,59
18640,6
18641,8
18642,16
18643,14
18644,6
18645,4
18646,10
18647,8
18648,8
18649,13
18651,42
18652,6
18653,41
18654,6
18655,8
18657,22
18658,14
18659,12
18660,10
18661,6
18662,22
18663,16
18664,2
18665,18
18666,14
18667,10
18669,26
18670,8
18671,6
18672,4
18673,6
18674,22
18675,6
18677,24
18678,12
18680,12
18681,9
18685,6
18688,6
18691,6
18698,6
18700,6
18714,4
18733,6
18734,4
18737,4
18738,13
18767,10
18768,10
18769,10
18771,10
18772,7
18773,12
18774,6
18775,10
18776,6
18777,8
18778,4
18779,10
18780,12
18781,11
18782,6
18783,4
18784,4
18785,10
18786,4
18787,20
18788,10
18789,7
18790,8
18791,6
18796,4
18800,4
18804,1
18805,4
18806,4
18809,6
18810,4
18811,12
18812,8
18814,4
18815,4
18816,12
18819,1
18820,8
18821,20
18823,11
18829,6
18831,2
18832,4
18833,2
18835,7
18836,4
18837,4
18839,2
18840,6
18841,6
18842,4
18843,6
18844,20
18850,8
18852,10
18853,12
18854,1
18855,20
18857,7
18858,6
18859,4
18860,6
18861,10
18862,6
18863,8
18864,4
18866,10
18867,1
18868,4
18869,6
18877,8
18878,7
18879,8
18880,9
18882,16
18884,6
18885,4
18886,8
18887,10
18889,18
18890,2
18891,10
18893,10
18894,6
18895,10
18896,1
18897,1
18898,1
18899,2
18900,6
18902,4
18903,4
18904,8
18905,8
18910,8
18911,9
18913,6
18914,8
18915,8
18916,1
18917,3
18918,1
18919,1
18920,1
18921,1
18922,1
18923,1
18924,1
18925,1
18927,1
18928,1
18929,1
18930,1
18931,1
18932,1
18933,2
18935,1
18936,1
18937,1
18938,1
18939,1
18940,1
18941,1
18942,1
18943,1
18944,1
18945,1
18946,1
18947,1
18948,1
18949,1
18950,1
18951,1
18952,1
18953,1
18954,1
18955,1
18956,1
18958,1
18959,1
18960,2
18961,1
18962,2
18963,1
18964,1
18965,1
18966,2
18967,1
18969,1
18970,2
18971,4
18972,1
18973,1
18974,1
18975,1
18976,1
18977,1
18978,1
18979,2
18980,1
18982,1
18983,1
18984,1
18985,1
18986,1
18987,1
18988,1
18989,1
18990,1
18991,1
18992,1
18993,1
18994,2
18995,1
18996,1
18998,1
19000,1
19001,2
19002,1
19003,2
19004,1
19005,1
19006,1
19007,1
19008,1
19009,1
19010,1
19011,1
19012,1
19013,2
19014,1
19016,10
19017,1
19018,1
19019,2
19020,1
19021,1
19022,1
19023,4
19024,1
19025,1
19026,2
19027,1
19028,1
19029,1
19030,1
19031,1
19032,1
19033,1
19034,1
19035,1
19036,1
19037,1
19038,1
19039,1
19040,1
19041,1
19042,1
19043,5
19044,6
19045,1
19046,1
19047,2
19048,1
19049,1
19050,1
19051,1
19052,2
19053,1
19054,1
19055,1
19056,1
19057,1
19058,1
19059,1
19061,1
19062,1
19063,1
19064,1
19065,12
19066,1
19067,1
19068,1
19069,1
19070,1
19071,1
19072,1
19073,1
19074,2
19075,1
19076,1
19077,1
19078,1
19079,1
19080,1
19081,2
19082,1
19083,1
19084,1
19085,1
19086,1
19087,1
19088,1
19089,2
19090,3
19091,1
19092,1
19093,1
19094,1
19095,1
19096,1
19097,1
19098,3
19099,6
19100,1
19101,1
19102,1
19103,1
19104,1
19105,1
19106,1
19107,1
19109,1
19110,1
19111,2
19112,1
19113,1
19114,1
19117,1
19118,1
19119,2
19120,1
19121,1
19122,1
19123,1
19124,1
19125,1
19126,1
19127,7
19128,2
19129,6
19130,14
19131,12
19132,7
19134,8
19135,12
19136,6
19137,10
19138,12
19139,6
19140,4
19141,4
19142,1
19143,1
19144,1
19145,5
19146,1
19147,1
19148,2
19149,1
19150,1
19151,1
19152,1
19153,1
19154,1
19155,1
19156,1
19158,1
19159,1
19160,1
19161,1
19162,1
19163,1
19164,2
19165,1
19166,1
19167,2
19168,2
19169,1
19170,1
19171,1
19172,1
19173,1
19174,1
19175,1
19176,1
19177,2
19178,1
19179,1
19180,1
19181,1
19182,1
19183,1
19184,1
19185,1
19186,20
19187,1
19188,1
19189,1
19190,1
19191,1
19193,1
19195,1
19196,1
19197,1
19198,1
19199,1
19200,1
19201,1
19202,1
19203,1
19204,12
19205,1
19206,4
19207,1
19208,4
19209,1
19210,1
19211,1
19212,1
19213,1
19214,1
19215,1
19216,1
19217,1
19218,3
19219,1
19220,1
19221,1
19222,1
19223,1
19224,1
19225,1
19226,2
19227,1
19228,1
19229,1
19230,1
19231,2
19232,1
19233,1
19234,1
19235,1
19236,1
19237,1
19238,1
19239,1
19240,1
19241,1
19242,1
19243,1
19244,1
19245,1
19246,1
19247,1
19248,1
19249,1
19250,1
19251,1
19252,1
19253,1
19254,1
19255,1
19256,1
19257,1
19258,1
19259,1
19260,1
19261,1
19262,1
19263,1
19264,1
19265,1
19266,1
19267,1
19268,1
19269,1
19270,1
19271,1
19273,1
19274,1
19275,1
19276,1
19277,1
19278,1
19279,1
19280,1
19281,1
19282,1
19283,1
19284,1
19285,1
19286,1
19287,1
19288,1
19289,1
19290,1
19291,6
19292,1
19293,14
19294,1
19295,1
19296,1
19297,1
19298,1
19299,1
19300,1
19301,1
19302,1
19303,20
19304,1
19305,1
19306,1
19307,1
19308,1
19309,1
19310,1
19311,1
19312,1
19313,1
19314,1
19315,2
19316,1
19317,1
19318,1
19319,1
19320,12
19321,6
19322,1
19323,1
19324,1
19325,1
19326,1
19327,2
19328,10
19329,6
19330,1
19331,1
19332,1
19333,1
19334,1
19335,1
19336,1
19337,1
19338,1
19339,1
19340,1
19341,1
19342,1
19343,1
19344,1
19345,1
19346,1
19347,1
19348,1
19349,1
19350,12
19351,1
19352,28
19353,1
19354,14
19356,6
19357,2
19358,1
19359,1
19360,1
19361,24
19362,1
19365,6
19366,12
19367,8
19368,6
19370,1
19371,1
19372,6
19373,8
19374,1
19375,1
19376,2
19377,1
19378,1
19379,2
19380,1
19381,1
19382,1
19383,1
19384,1
19385,1
19386,1
19387,1
19388,1
19389,1
19390,1
19391,1
19392,1
19393,1
19394,1
19395,1
19396,1
19397,1
19398,1
19399,1
19400,1
19401,1
19402,2
19403,1
19404,4
19406,16
19407,1
19408,4
19409,6
19410,1
19411,1
19412,1
19413,1
19414,1
19415,1
19416,1
19417,1
19418,1
19419,4
19420,1
19421,1
19422,1
19423,1
19424,1
19425,1
19426,1
19427,1
19428,1
19429,1
19430,1
19431,1
19432,1
19433,6
19434,1
19435,1
19436,1
19437,1
19438,1
19439,1
19440,1
19441,1
19442,1
19443,1
19444,2
19445,1
19446,1
19447,1
19448,1
19449,1
19450,1
19451,1
19452,1
19453,1
19454,1
19455,1
19456,1
19457,1
19458,1
19459,3
19460,1
19461,1
19462,1
19463,1
19464,1
19465,1
19466,1
19467,1
19468,1
19469,1
19470,1
19471,3
19472,1
19473,1
19474,1
19475,1
19476,1
19477,1
19478,1
19479,1
19480,1
19481,1
19482,1
19483,1
19484,1
19485,1
19486,1
19487,1
19488,1
19489,1
19490,1
19491,1
19492,1
19493,1
19494,1
19495,4
19496,1
19497,1
19498,1
19499,1
19500,1
19501,1
19502,1
19503,1
19504,1
19505,1
19506,1
19507,1
19508,4
19509,1
19510,1
19511,1
19512,1
19513,1
19514,1
19515,3
19516,1
19517,2
19518,1
19519,1
19520,1
19521,1
19522,1
19523,1
19524,1
19525,1
19526,1
19527,1
19528,1
19529,1
19530,1
19531,1
19532,1
19533,1
19534,1
19535,1
19536,1
19537,1
19538,1
19539,1
19540,1
19541,1
19542,1
19543,1
19544,1
19545,1
19546,1
19547,1
19548,1
19549,1
19550,2
19551,1
19552,1
19553,2
19554,1
19555,6
19556,6
19557,1
19558,1
19559,1
19560,1
19561,19
19562,1
19563,1
19564,1
19565,1
19566,1
19567,1
19568,1
19569,4
19570,10
19571,4
19572,10
19573,4
19574,6
19575,1
19576,1
19577,1
19578,1
19579,1
19580,1
19581,1
19582,2
19583,1
19584,1
19585,1
19586,1
19587,1
19588,1
19589,1
19591,1
19592,1
19593,1
19594,1
19595,1
19596,1
19597,1
19598,1
19599,1
19600,1
19601,1
19602,1
19603,4
19604,1
19605,1
19606,1
19607,1
19608,1
19609,1
19610,1
19611,4
19612,1
19613,1
19614,3
19615,1
19616,1
19617,2
19618,1
19619,4
19620,16
19621,1
19622,1
19623,1
19624,1
19625,1
19626,1
19627,1
19628,1
19629,1
19630,1
19631,2
19632,1
19633,1
19634,1
19635,1
19636,1
19637,1
19638,1
19639,1
19640,2
19641,1
19642,1
19643,1
19644,1
19645,1
19646,1
19647,1
19648,1
19649,1
19650,1
19651,1
19652,1
19653,10
19654,6
19655,1
19656,1
19657,1
19658,1
19659,1
19660,1
19661,1
19662,1
19663,1
19664,1
19665,1
19666,1
19667,1
19668,1
19669,1
19670,1
19671,1
19672,1
19673,4
19674,1
19675,1
19676,1
19677,1
19678,1
19679,1
19680,1
19681,1
19682,1
19683,2
19684,1
19685,1
19686,1
19687,1
19688,1
19689,1
19690,1
19691,1
19692,1
19693,1
19694,1
19695,1
19696,1
19697,1
19698,1
19699,8
19700,1
19701,1
19702,1
19703,1
19704,2
19705,1
19706,1
19707,1
19708,1
19709,1
19710,1
19711,1
19712,1
19713,1
19714,1
19715,1
19716,1
19717,1
19718,1
19719,1
19720,1
19721,1
19722,1
19723,1
19724,1
19725,1
19726,1
19727,1
19728,1
19729,1
19730,1
19731,3
19732,1
19733,1
19734,1
19735,4
19736,1
19737,1
19738,4
19739,1
19740,4
19741,4
19742,6
19743,1
19744,1
19745,1
19746,20
19747,1
19748,1
19749,1
19750,3
19751,1
19752,1
19753,2
19754,1
19755,1
19756,1
19757,1
19758,1
19759,1
19760,1
19761,1
19762,1
19763,1
19764,1
19765,1
19766,1
19767,1
19768,1
19769,1
19770,8
19771,1
19772,7
19773,1
19774,8
19775,4
19776,1
19777,2
19778,1
19779,1
19780,1
19781,1
19782,1
19783,1
19784,1
19785,1
19786,1
19787,1
19788,1
19789,1
19790,1
19791,1
19792,1
19793,1
19794,1
19795,1
19796,1
19797,1
19798,1
19799,1
19800,1
19801,1
19802,1
19803,1
19804,1
19805,1
19806,1
19807,1
19808,1
19809,1
19810,1
19811,2
19812,1
19813,1
19814,1
19815,1
19817,1
19818,1
19819,5
19820,1
19821,1
19822,1
19823,1
19824,1
19825,1
19826,1
19827,1
19828,1
19829,2
19830,2
19831,2
19832,1
19833,1
19834,1
19835,1
19836,1
19837,1
19839,1
19840,1
19841,1
19842,1
19843,1
19844,1
19845,1
19846,1
19847,1
19848,1
19849,1
19850,1
19851,1
19852,1
19853,1
19854,1
19855,4
19856,1
19857,1
19858,1
19859,4
19860,8
19861,1
19862,1
19863,2
19864,1
19865,1
19866,10
19867,12
19868,10
19869,4
19870,12
19871,6
19872,24
19873,2
19874,2
19875,10
19876,1
19877,12
19878,1
19879,1
19880,1
19881,1
19882,1
19883,1
19884,1
19885,1
19886,1
19887,1
19888,1
19889,1
19890,1
19891,8
19892,2
19893,1
19894,1
19895,1
19896,1
19897,1
19898,1
19899,1
19900,1
19901,1
19902,1
19903,1
19904,1
19905,1
19906,3
19907,1
19908,1
19909,1
19910,1
19911,1
19912,1
19913,2
19914,1
19915,2
19916,1
19917,1
19918,1
19919,1
19920,1
19921,1
19922,6
19923,1
19924,1
19925,1
19926,1
19927,1
19928,1
19929,1
19930,1
19931,1
19932,1
19933,1
19934,1
19935,1
19936,1
19937,2
19938,1
19939,1
19940,1
19941,1
19942,1
19943,1
19944,1
19945,1
19946,1
19947,1
19948,1
19949,1
19950,1
19951,1
19952,1
19953,4
19954,6
19955,1
19956,1
19957,1
19958,20
19959,4
19960,1
19961,1
19962,1
19963,1
19964,1
19965,1
19966,1
19967,1
19968,1
19969,1
19970,1
19971,1
19972,6
19973,1
19974,1
19975,2
19976,1
19977,1
19978,1
19979,1
19980,1
19981,1
19982,1
19983,2
19984,1
19985,1
19986,2
19987,1
19988,7
19989,1
19990,1
19991,1
19992,1
19993,1
19994,1
19995,1
19996,1
19997,1
19998,5
19999,4
20002,6
20003,1
20004,10
20005,1
20006,1
20007,1
20008,1
20009,1
20010,1
20011,1
20012,1
20013,1
20014,1
20015,1
20016,1
20017,1
20018,1
20019,1
20020,1
20021,1
20022,1
20023,1
20024,1
20025,1
20027,1
20028,1
20029,1
20030,2
20031,1
20032,1
20033,1
20034,1
20036,1
20037,1
20038,1
20039,1
20040,1
20041,1
20042,1
20043,6
20044,1
20045,1
20046,1
20047,2
20048,1
20049,4
20050,1
20051,1
20052,1
20053,1
20054,2
20055,1
20056,1
20057,1
20058,1
20059,1
20060,1
20061,1
20062,1
20063,1
20064,1
20065,5
20066,1
20067,1
20068,1
20069,1
20070,1
20071,1
20072,1
20073,1
20074,1
20075,1
20076,1
20077,1
20078,1
20079,1
20080,1
20081,1
20082,1
20083,1
20084,1
20085,1
20086,1
20087,1
20088,1
20089,1
20090,1
20091,1
20092,1
20093,1
20094,1
20096,1
20097,1
20098,1
20099,1
20100,1
20101,1
20102,1
20103,1
20104,1
20105,1
20106,1
20107,1
20108,1
20109,1
20110,1
20111,1
20112,1
20113,1
20114,2
20115,1
20117,1
20118,1
20119,1
20120,1
20121,1
20122,1
20123,6
20124,1
20125,1
20126,1
20127,1
20128,1
20129,1
20130,1
20131,1
20132,1
20133,1
20134,1
20135,1
20136,1
20137,1
20138,12
20139,1
20140,1
20141,1
20142,1
20143,1
20144,3
20145,1
20146,1
20147,1
20148,1
20149,1
20150,4
20151,1
20152,1
20153,1
20154,1
20155,1
20156,1
20157,1
20158,1
20159,1
20160,1
20161,1
20162,1
20163,1
20164,1
20165,1
20166,1
20167,1
20168,1
20169,1
20170,1
20171,1
20172,1
20173,1
20174,4
20175,1
20176,1
20177,1
20178,1
20179,1
20180,1
20181,1
20182,1
20183,1
20184,1
20185,1
20186,1
20187,1
20188,1
20189,1
20190,1
20191,1
20192,1
20193,1
20194,1
20195,1
20196,1
20197,1
20198,1
20199,1
20200,1
20201,1
20202,1
20203,1
20204,1
20205,1
20206,1
20207,1
20208,3
20209,1
20210,1
20211,1
20212,1
20213,1
20214,1
20215,1
20216,1
20217,1
20218,1
20219,1
20220,1
20221,1
20222,1
20223,1
20224,2
20225,1
20226,1
20227,1
20228,1
20229,1
20230,5
20231,1
20233,1
20234,1
20235,1
20236,1
20237,1
20238,1
20239,1
20240,1
20241,1
20242,1
20243,1
20244,1
20245,1
20246,1
20247,1
20248,1
20249,1
20250,1
20251,1
20252,1
20253,1
20254,1
20255,1
20256,1
20257,1
20258,1
20259,1
20260,1
20261,1
20262,1
20263,1
20264,1
20265,1
20266,1
20267,1
20268,1
20269,1
20270,1
20271,1
20272,1
20273,1
20274,1
20275,1
20276,1
20277,1
20278,1
20279,1
20280,1
20281,1
20282,1
20283,1
20284,1
20285,1
20286,1
20287,1
20288,1
20289,1
20290,1
20291,1
20292,1
20293,1
20294,1
20295,1
20296,1
20297,1
20298,1
20299,1
20300,1
20301,1
20302,1
20303,1
20304,1
20305,1
20306,1
20307,1
20308,1
20309,1
20310,1
20311,1
20312,1
20313,1
20314,1
20315,1
20316,1
20317,1
20318,1
20319,1
20320,1
20321,6
20322,1
20323,1
20324,1
20325,2
20326,1
20327,1
20328,1
20329,1
20330,1
20331,1
20332,1
20333,1
20334,1
20335,1
20336,1
20337,1
20338,1
20339,1
20340,1
20341,1
20342,6
20343,1
20344,1
20345,1
20346,1
20347,1
20348,1
20349,1
20350,1
20351,1
20352,1
20353,1
20354,1
20355,1
20356,1
20358,1
20359,2
20360,2
20361,1
20362,1
20363,1
20364,1
20365,1
20366,1
20367,1
20368,1
20369,1
20370,1
20371,1
20372,1
20373,1
20374,1
20375,1
20376,1
20377,1
20378,1
20379,1
20380,1
20381,1
20382,1
20383,1
20384,3
20385,1
20386,1
20387,1
20388,1
20389,1
20390,1
20391,1
20392,1
20393,1
20394,1
20395,1
20396,1
20397,1
20398,1
20399,1
20400,1
20401,1
20402,1
20403,1
20404,1
20405,1
20406,1
20407,1
20408,1
20409,1
20410,1
20411,1
20412,1
20413,6
20414,1
20415,1
20416,1
20417,1
20418,1
20419,1
20420,1
20421,1
20422,1
20423,1
20424,1
20425,1
20426,1
20427,1
20428,1
20429,10
20430,1
20431,1
20432,1
20433,1
20434,1
20435,1
20436,1
20437,1
20438,2
20439,1
20440,1
20441,1
20442,1
20443,14
20444,1
20445,1
20446,1
20447,1
20448,1
20449,1
20450,1
20451,1
20452,1
20453,1
20454,8
20455,22
20456,1
20457,1
20458,1
20459,1
20460,1
20461,1
20462,4
20463,1
20464,1
20465,1
20467,1
20468,1
20469,1
20470,1
20471,1
20472,1
20473,2
20474,1
20475,2
20476,1
20477,1
20478,1
20479,1
20480,1
20481,6
20482,6
20483,4
20484,10
20485,4
20486,1
20487,1
20488,1
20489,1
20490,4
20491,1
20492,1
20493,1
20494,1
20495,1
20496,1
20497,1
20498,1
20499,1
20500,1
20501,5
20502,5
20503,1
20504,1
20505,1
20506,1
20507,1
20508,1
20509,1
20510,1
20511,1
20512,1
20513,1
20514,1
20515,1
20516,1
20517,5
20518,1
20519,1
20520,1
20521,1
20522,2
20523,1
20524,1
20525,1
20526,1
20527,1
20528,1
20529,1
20530,1
20531,1
20532,1
20533,1
20534,1
20535,1
20536,1
20537,1
20538,1
20539,1
20540,1
20541,1
20542,1
20543,1
20544,1
20545,1
20546,1
20547,1
20548,1
20549,1
20550,8
20551,1
20552,1
20553,1
20554,1
20555,1
20557,1
20558,1
20559,1
20560,1
20561,1
20562,1
20563,1
20564,1
20565,1
20566,1
20567,1
20568,1
20569,1
20570,2
20571,18
20572,1
20573,1
20574,1
20575,1
20576,1
20577,1
20578,1
20579,1
20580,1
20581,1
20582,1
20583,1
20584,1
20585,1
20586,1
20587,1
20588,1
20589,1
20590,1
20591,2
20592,1
20593,1
20594,1
20595,1
20596,1
20597,2
20598,1
20599,1
20600,1
20601,2
20602,1
20603,1
20604,1
20605,8
20606,1
20607,1
20608,1
20609,1
20610,1
20611,1
20612,1
20613,1
20614,1
20615,1
20616,1
20617,1
20618,1
20619,2
20620,2
20621,1
20622,1
20623,1
20624,1
20625,1
20626,1
20627,1
20628,1
20629,1
20630,1
20631,1
20632,1
20633,1
20634,6
20635,6
20636,1
20637,1
20638,1
20639,1
20640,1
20641,1
20642,1
20643,1
20644,1
20645,1
20646,1
20647,10
20648,1
20649,1
20650,1
20651,1
20652,1
20653,1
20654,1
20655,1
20656,1
20657,1
20658,1
20659,1
20660,1
20661,1
20662,1
20663,1
20664,1
20665,1
20666,1
20667,4
20668,1
20669,1
20670,1
20671,3
20672,1
20673,1
20674,1
20675,1
20676,1
20677,1
20678,1
20679,1
20680,1
20681,2
20682,6
20683,1
20684,1
20685,1
20686,1
20687,1
20688,1
20689,1
20690,1
20691,1
20692,1
20693,1
20694,1
20695,1
20696,1
20697,1
20698,1
20699,1
20700,1
20701,1
20702,1
20703,1
20704,1
20705,1
20706,1
20707,1
20708,1
20709,1
20710,1
20711,2
20712,1
20713,1
20714,1
20715,1
20716,1
20717,1
20718,1
20719,1
20720,1
20721,1
20722,1
20723,1
20724,1
20725,1
20726,1
20727,1
20728,4
20729,1
20730,1
20731,1
20732,2
20733,1
20734,1
20735,1
20736,1
20737,1
20738,1
20739,1
20740,4
20741,1
20742,1
20743,1
20744,1
20745,1
20746,4
20747,1
20748,1
20749,1
20750,1
20751,6
20752,1
20753,1
20754,1
20755,1
20756,1
20757,1
20758,1
20759,1
20760,1
20761,2
20762,1
20763,1
20764,1
20765,2
20766,1
20767,1
20768,1
20769,1
20770,1
20771,1
20772,1
20773,1
20774,1
20775,1
20776,1
20777,3
20778,1
20779,1
20780,1
20781,1
20782,1
20783,1
20784,1
20785,1
20786,1
20787,1
20788,1
20789,1
20790,1
20791,1
20792,1
20793,1
20794,1
20795,1
20796,1
20797,1
20798,1
20799,1
20800,1
20801,1
20802,1
20803,1
20804,1
20805,1
20806,1
20807,1
20808,1
20809,1
20810,1
20811,1
20812,1
20813,1
20814,1
20815,1
20816,1
20817,1
20818,2
20819,1
20820,1
20821,6
20822,1
20823,1
20824,1
20825,1
20826,1
20827,12
20828,1
20829,1
20830,1
20831,1
20832,1
20833,1
20834,1
20835,1
20836,1
20837,1
20838,1
20839,1
20840,1
20841,1
20842,1
20843,1
20844,1
20845,1
20846,1
20847,1
20848,1
20849,1
20850,1
20851,2
20852,1
20853,1
20854,1
20855,1
20856,2
20857,1
20858,1
20859,6
20860,1
20861,5
20862,1
20863,1
20865,1
20866,8
20867,1
20868,8
20869,1
20870,1
20872,1
20873,1
20874,1
20875,1
20876,1
20877,1
20878,4
20879,1
20880,1
20881,10
20882,1
20883,1
20884,1
20885,1
20886,1
20887,2
20888,1
20889,1
20890,1
20891,20
20892,1
20893,1
20894,1
20895,1
20896,10
20897,6
20898,1
20899,4
20900,1
20901,1
20902,1
20903,1
20904,1
20905,8
20906,1
20907,8
20908,1
20909,1
20910,1
20911,1
20912,1
20913,1
20914,1
20915,1
20916,1
20917,1
20918,1
20919,1
20920,1
20921,1
20922,1
20923,1
20924,1
20925,10
20926,1
20927,1
20928,1
20929,1
20930,2
20931,1
20932,1
20933,1
20934,1
20935,1
20936,1
20937,1
20938,4
20939,12
20940,2
20941,6
20947,6
20948,20
20950,2
20951,6
20952,1
20953,2
20954,1
20955,1
20956,15
20957,1
20958,1
20959,1
20960,1
20961,1
20962,2
20963,1
20964,1
20965,1
20966,1
20967,1
20968,1
20969,1
20970,1
20971,1
20972,1
20973,1
20974,4
20975,2
20976,1
20977,1
20978,1
20979,4
20980,4
20981,1
20982,1
20983,1
20984,1
20985,12
20986,1
20987,1
20988,1
20989,1
20990,4
20991,1
20992,1
20993,1
20994,1
20995,3
20996,1
20997,1
20998,1
20999,1
21000,1
21001,1
21002,1
21003,1
21004,1
21006,1
21007,1
21008,1
21009,1
21010,1
21011,1
21012,6
21013,1
21014,1
21015,1
21016,1
21017,1
21018,1
21019,1
21020,1
21021,1
21022,1
21023,1
21024,1
21025,1
21026,1
21027,1
21028,1
21029,1
21030,1
21031,2
21032,2
21033,1
21034,1
21035,6
21036,12
21037,4
21038,4
21039,1
21040,1
21041,1
21042,1
21043,1
21044,4
21045,1
21046,1
21047,2
21048,8
21049,1
21050,1
21051,1
21052,1
21053,1
21054,1
21055,1
21056,1
21057,1
21058,2
21059,1
21060,1
21061,1
21062,1
21063,4
21064,8
21065,10
21066,1
21068,6
21069,1
21070,1
21071,1
21072,8
21073,3
21074,4
21075,2
21076,1
21077,1
21078,1
21079,1
21080,1
21081,1
21082,1
21083,2
21084,1
21085,1
21086,4
21087,4
21088,1
21089,1
21090,1
21091,1
21092,1
21093,1
21094,1
21095,1
21096,1
21097,1
21098,1
21099,1
21100,4
21101,4
21102,4
21103,1
21104,1
21105,1
21106,8
21107,2
21108,6
21109,1
21110,1
21111,1
21112,1
21113,1
21114,4
21115,1
21116,1
21117,1
21118,1
21119,1
21120,2
21121,1
21122,1
21123,1
21124,1
21125,1
21126,1
21127,1
21128,6
21129,1
21130,1
21131,1
21132,1
21133,2
21134,1
21135,10
21136,1
21137,6
21138,1
21139,1
21140,1
21141,1
21142,1
21143,1
21144,1
21145,1
21146,2
21147,1
21148,1
21149,1
21150,4
21152,1
21153,4
21154,4
21155,8
21156,4
21158,6
21159,4
21162,8
21163,1
21164,1
21165,1
21166,10
21167,1
21168,6
21169,6
21170,1
21171,1
21172,1
21173,1
21174,1
21175,10
21176,1
21177,8
21178,8
21179,10
21182,10
21183,1
21184,6
21185,3
21186,1
21187,1
21188,1
21189,1
21190,1
21191,1
21192,1
21193,1
21194,10
21195,1
21196,1
21197,1
21198,1
21199,10
21202,8
21204,6
21205,1
21206,20
21207,20
21208,8
21209,6
21210,10
21211,1
21212,1
21213,1
21214,20
21215,1
21216,1
21217,1
21218,1
21219,1
21220,1
21221,1
21222,1
21223,1
21224,1
21225,1
21226,1
21227,1
21228,1
21229,1
21230,1
21231,2
21232,6
21233,1
21234,2
21235,1
21236,8
21237,8
21238,14
21239,32
21240,16
21241,34
21242,1
21243,1
21244,2
21245,1
21246,1
21247,1
21248,1
21249,1
21250,1
21251,1
21252,1
21253,1
21254,1
21255,1
21256,1
21257,1
21258,1
21259,1
21260,1
21261,1
21262,1
21263,1
21264,1
21265,1
21266,1
21267,1
21268,1
21269,6
21270,20
21271,6
21272,1
21273,1
21274,1
21275,1
21276,1
21277,1
21278,1
21279,1
21280,1
21281,1
21282,6
21283,1
21284,5
21285,4
21286,10
21287,2
21288,1
21289,4
21290,6
21291,1
21292,1
21293,1
21294,1
21295,1
21296,1
21297,1
21298,1
21299,1
21301,1
21302,1
21303,1
21304,1
21305,1
21306,8
21307,4
21308,10
21309,1
21310,6
21311,1
21312,1
21313,1
21314,12
21315,1
21316,1
21317,1
21318,1
21319,1
21320,1
21321,1
21322,1
21323,1
21324,1
21325,1
21326,8
21327,1
21328,1
21329,1
21330,1
21331,1
21332,1
21333,1
21334,1
21336,1
21337,1
21338,6
21339,6
21340,2
21341,1
21342,2
21343,1
21344,1
21345,11
21346,1
21347,4
21348,8
21349,6
21350,1
21351,1
21352,1
21353,12
21354,1
21355,1
21356,1
21357,1
21358,1
21359,1
21360,4
21361,2
21362,1
21363,1
21364,1
21365,1
21366,1
21367,2
21368,1
21369,6
21370,1
21371,1
21372,1
21373,1
21374,1
21375,1
21376,1
21378,1
21379,1
21380,1
21381,2
21382,4
21383,2
21384,4
21385,2
21386,4
21387,2
21388,1
21389,1
21390,1
21391,6
21392,1
21393,12
21394,2
21395,16
21396,2
21397,2
21398,1
21399,1
21400,1
21401,1
21402,1
21403,1
21404,1
21405,1
21406,1
21408,1
21409,1
21410,1
21411,1
21412,1
21413,1
21414,1
21415,1
21416,2
21417,1
21418,2
21419,1
21420,1
21421,1
21422,1
21423,1
21424,1
21425,1
21426,20
21427,1
21428,1
21429,1
21430,1
21431,1
21432,3
21433,1
21434,1
21435,1
21436,2
21437,1
21438,2
21439,2
21440,1
21441,1
21442,2
21443,1
21444,2
21445,1
21446,1
21447,1
21448,4
21449,1
21450,1
21451,1
21452,1
21453,1
21454,1
21455,1
21456,1
21457,1
21458,6
21459,2
21460,1
21461,6
21462,1
21463,1
21464,4
21465,1
21466,2
21467,1
21468,1
21469,8
21470,1
21471,1
21472,1
21473,1
21474,1
21475,4
21476,4
21477,1
21478,1
21479,1
21480,1
21481,1
21482,4
21483,1
21484,4
21485,1
21486,1
21487,1
21488,4
21489,2
21490,1
21491,4
21492,1
21493,2
21494,1
21495,1
21496,1
21497,2
21498,2
21499,2
21500,4
21501,2
21502,1
21503,1
21504,1
21505,1
21506,1
21507,1
21508,2
21509,1
21510,1
21511,1
21512,1
21513,2
21514,1
21515,2
21516,1
21517,1
21518,1
21519,1
21520,1
21521,1
21522,1
21523,1
21524,1
21525,1
21526,1
21527,1
21528,1
21529,1
21530,1
21531,1
21532,1
21533,1
21534,1
21535,1
21536,1
21537,8
21538,1
21539,1
21540,1
21541,1
21542,1
21543,1
21544,1
21545,1
21546,1
21547,1
21548,1
21549,1
21550,1
21551,1
21552,1
21553,1
21554,1
21555,1
21556,1
21557,1
21558,1
21559,1
21560,4
21561,1
21562,1
21563,1
21564,2
21565,1
21566,1
21567,6
21568,1
21569,2
21570,8
21571,1
21572,2
21573,1
21574,2
21575,1
21576,1
21577,3
21578,8
21579,1
21580,1
21581,1
21582,1
21583,1
21584,1
21585,1
21586,1
21587,1
21588,2
21589,1
21590,1
21591,1
21592,6
21593,2
21594,1
21595,1
21596,1
21597,1
21598,1
21599,1
21600,8
21601,1
21602,1
21603,1
21604,1
21605,1
21606,1
21607,2
21608,1
21609,1
21610,2
21611,1
21612,1
21613,4
21614,1
21615,1
21616,1
21617,1
21618,1
21619,1
21620,1
21621,6
21622,2
21623,1
21624,1
21625,1
21626,1
21627,1
21628,1
21629,1
21630,1
21631,10
21632,4
21633,1
21634,1
21635,1
21636,1
21637,1
21638,1
21639,1
21640,1
21641,1
21642,1
21643,2
21644,2
21645,1
21646,8
21647,1
21648,8
21649,8
21650,1
21651,12
21652,1
21653,1
21654,1
21655,2
21656,2
21657,1
21658,8
21659,1
21660,1
21661,1
21662,1
21663,1
21664,10
21665,1
21666,1
21667,24
21668,2
21669,4
21670,1
21671,1
21672,1
21673,1
21674,6
21675,6
21676,6
21677,8
21678,1
21679,1
21680,1
21681,1
21682,4
21683,1
21684,8
21685,1
21686,1
21687,1
21688,1
21689,1
21690,2
21691,1
21692,5
21693,1
21694,1
21695,1
21696,2
21697,6
21698,4
21699,1
21700,1
21701,1
21702,1
21703,1
21704,4
21705,1
21706,1
21707,4
21708,1
21709,1
21710,1
21711,1
21712,1
21713,1
21714,8
21715,6
21716,2
21717,1
21718,5
21719,1
21720,1
21721,1
21722,1
21723,1
21724,1
21725,1
21726,2
21727,1
21728,1
21729,1
21730,1
21731,10
21732,4
21733,2
21734,1
21735,1
21736,1
21737,4
21738,1
21739,2
21740,1
21741,1
21742,1
21743,1
21744,1
21745,1
21746,1
21747,1
21748,1
21749,2
21750,1
21751,1
21752,1
21753,1
21754,1
21755,1
21756,1
21757,1
21758,1
21759,2
21760,1
21761,2
21762,1
21763,2
21764,1
21765,1
21766,1
21767,1
21768,1
21769,1
21770,12
21771,1
21772,1
21773,1
21775,1
21776,1
21777,1
21778,1
21779,1
21780,1
21781,2
21782,1
21783,1
21784,1
21785,1
21786,1
21787,1
21788,1
21789,1
21790,1
21791,1
21792,2
21793,8
21794,8
21795,8
21796,4
21798,2
21799,2
21800,2
21802,2
21803,2
21804,2
21805,18
21806,1
21807,2
21808,1
21809,1
21810,1
21811,1
21812,4
21813,1
21814,3
21815,6
21816,1
21817,4
21818,2
21819,1
21820,1
21821,1
21822,1
21823,1
21824,1
21825,1
21826,1
21828,1
21829,1
21831,1
21832,1
21833,1
21834,4
21835,1
21836,1
21837,2
21838,1
21839,1
21840,1
21841,1
21842,1
21843,1
21844,1
21845,2
21846,1
21847,1
21848,1
21849,4
21850,1
21851,6
21852,1
21853,4
21854,1
21855,1
21856,1
21857,1
21858,1
21859,1
21860,4
21861,1
21862,1
21863,4
21864,1
21865,1
21866,1
21867,1
21868,1
21869,1
21870,1
21871,1
21872,1
21873,1
21874,1
21875,1
21876,1
21877,1
21878,1
21879,1
21880,1
21881,1
21882,1
21883,1
21884,1
21885,1
21886,2
21887,1
21888,4
21889,1
21890,3
21891,4
21892,2
21893,1
21894,1
21895,1
21896,1
21897,1
21898,1
21899,1
21900,1
21901,2
21902,2
21903,1
21904,1
21905,1
21906,1
21907,1
21908,1
21909,1
21910,10
21911,1
21912,1
21913,2
21914,1
21915,1
21916,2
21917,2
21918,1
21919,1
21920,1
21921,1
21922,8
21923,6
21924,24
21925,1
21926,4
21927,1
21928,1
21929,1
21930,1
21931,6
21932,1
21933,1
21934,1
21935,1
21937,1
21938,2
21939,1
21940,1
21941,1
21942,1
21943,1
21944,1
21945,1
21946,1
21947,2
21948,2
21949,2
21950,1
21951,1
21952,1
21953,1
21954,1
21955,1
21956,1
21957,12
21958,6
21959,1
21960,1
21961,1
21962,1
21963,1
21964,2
21965,1
21966,2
21967,1
21968,1
21969,1
21970,1
21971,1
21972,1
21973,1
21974,1
21975,1
21976,1
21977,1
21978,1
21979,1
21980,2
21981,2
21982,1
21983,6
21984,16
21985,2
21986,2
21987,1
21988,1
21989,12
21990,2
21991,1
21992,1
21993,1
21994,1
21995,1
21996,1
21997,2
21998,2
22000,1
22001,1
22002,2
22003,4
22004,1
22005,1
22006,1
22007,1
22008,1
22009,1
22010,1
22011,1
22012,2
22013,1
22014,1
22015,1
22016,1
22017,1
22018,1
22019,1
22020,2
22021,1
22022,2
22023,1
22024,1
22026,6
22027,4
22029,1
22030,1
22031,1
22032,1
22033,2
22034,1
22035,1
22036,1
22037,1
22038,2
22039,1
22040,2
22041,1
22042,1
22043,1
22044,1
22045,1
22046,1
22047,1
22048,1
22049,1
22050,1
22051,2
22052,6
22053,1
22054,1
22055,1
22056,1
22057,1
22058,1
22059,1
22060,1
22061,1
22062,1
22063,1
22064,6
22065,1
22066,1
22067,1
22068,2
22069,1
22070,1
22071,3
22072,1
22073,1
22074,1
22075,1
22076,1
22077,1
22078,1
22079,1
22080,1
22081,1
22082,1
22083,1
22084,1
22085,1
22086,1
22087,1
22088,1
22089,1
22090,2
22091,2
22092,1
22093,6
22094,1
22095,1
22096,1
22097,1
22098,1
22099,1
22100,2
22101,1
22102,1
22103,2
22104,1
22105,1
22106,1
22107,1
22108,1
22109,1
22110,1
22111,1
22112,8
22113,2
22114,1
22115,1
22116,4
22117,1
22118,1
22119,1
22120,1
22121,12
22122,1
22123,1
22124,1
22125,1
22126,1
22127,1
22128,1
22129,1
22130,1
22131,1
22132,1
22133,1
22134,2
22135,1
22136,1
22137,6
22138,1
22139,1
22140,2
22141,1
22142,1
22143,1
22144,1
22145,1
22146,1
22147,1
22148,1
22149,1
22150,1
22151,2
22152,1
22153,1
22154,10
22155,1
22156,1
22157,1
22158,1
22159,1
22160,1
22161,2
22162,1
22163,1
22164,2
22165,1
22166,1
22167,2
22168,1
22169,1
22170,1
22171,1
22172,1
22173,1
22174,1
22175,2
22176,1
22177,1
22178,1
22179,1
22180,1
22181,1
22182,1
22183,2
22184,4
22185,1
22186,1
22187,1
22188,1
22189,1
22190,1
22191,1
22192,1
22193,1
22194,1
22195,1
22196,1
22197,1
22198,1
22199,1
22200,1
22201,1
22202,1
22203,1
22204,1
22205,12
22206,1
22207,1
22208,2
22209,1
22210,1
22211,1
22212,1
22213,1
22214,1
22215,3
22216,1
22217,1
22218,1
22219,1
22220,7
22221,1
22222,2
22223,1
22224,1
22225,1
22226,1
22227,4
22228,2
22229,2
22230,1
22231,2
22232,1
22233,1
22234,1
22235,1
22236,1
22237,1
22238,1
22239,1
22240,1
22241,1
22242,1
22243,1
22244,1
22245,1
22246,1
22247,1
22248,1
22249,1
22250,1
22251,1
22252,1
22253,2
22254,1
22255,1
22256,4
22257,1
22258,1
22259,1
22260,1
22261,2
22262,1
22263,6
22264,1
22265,1
22266,1
22267,1
22268,1
22269,1
22270,1
22271,1
22272,1
22273,1
22274,1
22275,1
22276,1
22277,1
22278,1
22279,1
22280,1
22281,1
22282,1
22283,10
22284,1
22285,1
22286,1
22287,1
22289,1
22290,6
22291,2
22292,14
22293,2
22294,1
22295,1
22297,1
22298,1
22299,2
22300,12
22301,1
22302,1
22303,1
22304,1
22305,1
22306,1
22307,8
22308,1
22309,1
22310,1
22311,1
22312,1
22313,3
22314,1
22315,1
22316,1
22317,1
22318,1
22319,1
22320,1
22321,1
22322,1
22323,1
22324,8
22325,2
22326,1
22327,2
22328,1
22329,1
22330,1
22331,1
22332,6
22333,3
22334,1
22335,1
22336,2
22337,4
22338,6
22339,2
22340,1
22341,2
22342,1
22343,1
22344,1
22345,1
22346,1
22347,1
22348,1
22349,2
22350,1
22351,4
22352,1
22353,1
22354,1
22355,2
22356,1
22357,4
22358,1
22359,1
22360,1
22361,1
22362,1
22364,1
22365,1
22366,1
22367,1
22368,1
22369,1
22370,1
22371,5
22372,1
22373,1
22375,2
22376,1
22377,1
22378,1
22379,1
22380,1
22381,1
22382,1
22383,1
22384,1
22385,1
22386,1
22387,1
22388,1
22389,1
22390,1
22391,1
22393,1
22394,1
22395,2
22397,2
22398,1
22399,1
22400,1
22401,2
22402,8
22403,1
22404,1
22405,1
22406,1
22407,1
22408,1
22409,1
22410,1
22411,1
22412,1
22413,1
22414,1
22415,1
22416,4
22417,1
22418,1
22419,1
22420,1
22421,1
22422,1
22424,1
22425,2
22426,22
22427,12
22428,4
22429,1
22430,2
22431,1
22432,10
22433,1
22434,1
22435,1
22436,1
22437,1
22438,1
22439,1
22440,36
22442,20
22443,10
22446,1
22447,1
22448,1
22449,1
22450,4
22451,1
22452,1
22453,1
22454,1
22455,1
22456,1
22457,40
22458,1
22459,1
22460,1
22461,1
22462,1
22463,1
22464,1
22465,1
22466,1
22467,1
22468,2
22469,4
22470,1
22471,1
22472,1
22473,1
22474,2
22476,7
22478,1
22483,23
22485,3
22491,1
22501,1
22513,1
22514,1
22520,1
22521,40
22522,10
22523,1
22524,2
22525,1
22526,6
22527,1
22528,1
22529,1
22530,1
22531,1
22532,1
22533,1
22534,1
22535,2
22536,6
22537,8
22538,1
22539,8
22540,70
22541,1
22542,1
22543,1
22544,1
22545,12
22546,1
22547,1
22548,1
22549,1
22550,1
22551,1
22552,1
22553,1
22554,8
22555,1
22556,1
22557,1
22558,2
22559,1
22560,2
22561,2
22562,4
22563,1
22564,1
22565,2
22566,2
22567,1
22568,6
22569,1
22570,1
22571,2
22572,1
22573,1
22574,1
22575,20
22576,1
22577,1
22578,20
22579,1
22581,10
22584,4
22585,1
22586,50
22587,1
22588,1
22589,1
22590,1
22591,1
22592,1
22593,1
22594,1
22595,1
22596,1
22597,1
22598,1
22599,1
22600,8
22601,2
22602,6
22603,1
22604,3
22605,1
22606,1
22607,1
22608,1
22609,10
22610,1
22611,1
22612,1
22613,4
22614,1
22615,84
22616,1
22617,1
22618,1
22619,1
22620,1
22621,1
22622,1
22623,1
22624,1
22625,1
22626,1
22627,1
22628,1
22629,1
22630,12
22631,1
22632,1
22633,1
22634,1
22635,1
22636,1
22637,16
22638,1
22639,1
22640,1
22641,4
22642,1
22643,6
22644,1
22645,1
22646,1
22647,9
22649,1
22650,1
22651,1
22653,10
22654,18
22655,8
22656,22
22657,1
22658,3
22659,14
22660,6
22661,1
22662,1
22663,2
22664,1
22665,1
22666,1
22667,2
22668,1
22669,12
22670,6
22671,1
22672,1
22673,1
22674,1
22675,2
22676,1
22677,1
22678,1
22679,1
22680,1
22681,8
22682,8
22683,2
22684,12
22685,2
22686,1
22687,1
22688,1
22689,1
22690,4
22691,4
22692,10
22693,1
22694,1
22695,1
22696,1
22697,6
22698,1
22699,1
22700,1
22701,8
22702,1
22703,1
22704,10
22705,1
22706,1
22707,1
22708,1
22709,1
22710,1
22711,1
22712,1
22713,1
22714,1
22715,1
22716,1
22717,2
22718,1
22719,3
22720,1
22721,1
22722,1
22723,1
22724,1
22725,3
22726,2
22727,1
22728,1
22729,1
22730,22
22731,2
22732,48
22733,1
22734,1
22735,2
22736,1
22737,1
22738,1
22739,8
22740,1
22741,1
22742,1
22743,1
22745,6
22747,1
22748,1
22749,1
22750,1
22751,1
22752,4
22753,1
22754,1
22755,6
22756,8
22757,1
22758,2
22759,1
22760,1
22761,10
22762,10
22763,1
22764,1
22765,1
22766,1
22767,1
22768,2
22769,14
22770,1
22771,1
22772,10
22773,8
22774,2
22775,1
22776,1
22777,1
22778,8
22779,2
22780,4
22781,4
22782,1
22783,2
22784,1
22785,1
22786,2
22787,1
22788,1
22789,1
22790,2
22791,1
22792,2
22793,2
22794,1
22795,1
22796,1
22797,3
22798,1
22799,2
22800,1
22801,1
22802,1
22803,1
22806,2
22807,2
22808,2
22810,2
22811,1
22812,1
22813,2
22814,1
22815,1
22816,6
22817,1
22818,1
22819,1
22820,1
22822,10
22823,2
22824,4
22825,1
22826,4
22827,4
22828,1
22829,1
22830,1
22831,2
22832,1
22833,1
22834,1
22835,1
22836,1
22837,1
22838,1
22839,6
22840,4
22841,10
22842,1
22843,1
22844,1
22845,1
22846,1
22847,1
22848,1
22849,1
22850,1
22851,1
22852,1
22853,1
22854,1
22857,1
22858,1
22859,1
22860,1
22861,1
22862,1
22863,1
22864,1
22865,1
22866,1
22867,1
22868,1
22869,1
22870,30
22871,1
22872,1
22873,3
22874,16
22875,1
22876,1
22877,4
22878,1
22879,1
22880,1
22881,1
22882,1
22883,12
22884,1
22885,1
22886,3
22887,1
22888,4
22889,1
22890,1
22891,1
22892,2
22893,1
22894,1
22895,2
22896,1
22897,1
22898,1
22899,1
22900,1
22901,1
22902,8
22903,1
22904,1
22905,1
22906,1
22907,2
22908,1
22909,4
22911,2
22912,2
22913,2
22914,1
22915,2
22916,1
22917,2
22918,30
22919,1
22920,6
22921,14
22922,1
22923,8
22924,4
22925,1
22926,1
22927,1
22928,4
22929,1
22930,1
22931,8
22932,36
22934,5
22935,8
22937,12
22939,6
22940,16
22942,1
22944,1
22945,2
22946,1
22947,1
22948,1
22949,1
22950,1
22951,8
22952,1
22953,2
22954,20
22955,1
22956,2
22957,1
22958,1
22959,1
22960,1
22961,1
22962,1
22963,1
22964,1
22965,1
22966,1
22967,1
22968,2
22969,10
22970,1
22971,1
22973,1
22974,8
22975,1
22976,1
22977,6
22978,1
22979,8
22980,1
22981,1
22982,1
22983,2
22984,1
22985,1
22986,2
22987,1
22988,18
22989,1
22990,1
22991,1
22992,1
22993,1
22994,1
22995,1
22996,14
22997,1
22998,1
22999,1
23000,1
23002,2
23003,1
23004,1
23005,1
23006,1
23007,1
23008,2
23009,1
23010,1
23012,3
23013,1
23014,2
23015,1
23016,1
23017,1
23018,1
23019,1
23020,1
23021,1
23022,1
23023,1
23024,1
23025,1
23026,1
23027,1
23028,1
23029,1
23030,1
23031,1
23032,1
23033,1
23034,2
23035,1
23036,1
23037,1
23038,1
23039,1
23040,1
23041,4
23042,1
23043,6
23044,1
23045,1
23046,1
23047,1
23048,1
23049,1
23050,1
23051,1
23052,1
23053,1
23054,1
23055,4
23056,6
23057,1
23058,1
23059,4
23060,1
23061,1
23062,2
23063,1
23064,4
23065,1
23066,8
23067,1
23068,1
23069,2
23070,1
23071,2
23072,1
23073,1
23074,1
23075,6
23076,2
23077,6
23078,1
23079,36
23080,1
23081,2
23082,2
23083,3
23084,1
23085,1
23086,1
23087,1
23088,1
23089,4
23090,1
23091,4
23092,4
23093,14
23094,2
23095,1
23096,2
23097,1
23098,1
23099,8
23100,1
23101,6
23102,1
23103,1
23105,1
23106,1
23107,1
23108,1
23109,1
23110,1
23111,1
23112,1
23113,1
23114,1
23115,1
23116,1
23117,1
23118,11
23119,1
23120,1
23121,1
23122,1
23123,1
23124,1
23125,1
23126,1
23127,1
23128,1
23129,1
23130,1
23131,1
23132,1
23133,1
23134,2
23135,1
23136,4
23137,6
23138,2
23139,8
23140,1
23141,6
23142,1
23143,10
23144,1
23145,4
23146,8
23147,1
23148,1
23149,4
23150,1
23151,4
23152,18
23153,1
23154,1
23156,1
23157,1
23158,1
23159,1
23161,1
23162,1
23163,1
23164,1
23165,1
23166,3
23167,8
23169,1
23172,1
23176,1
23178,1
23179,1
23181,1
23182,1
23183,1
23186,1
23188,1
23189,1
23190,1
23195,1
23208,1
23209,1
23217,1
23221,1
23222,1
23225,1
23226,1
23227,1
23228,1
23230,1
23231,1
23233,1
23234,1
23236,1
23237,1
23239,1
23242,1
23245,1
23247,1
23250,1
23251,1
23255,1
23257,1
23259,1
23262,1
23264,1
23267,1
23268,1
23270,1
23271,1
23272,1
23273,1
23274,1
23275,1
23276,1
23277,1
23279,1
23280,1
23281,1
23282,1
23285,1
23288,1
23290,1
23292,1
23293,1
23295,1
23298,1
23299,1
23300,1
23301,1
23302,1
23303,1
23304,1
23305,1
23306,2
23307,1
23309,1
23312,1
23314,1
23315,1
23316,1
23317,1
23319,1
23320,1
23322,1
23331,1
23332,1
23334,1
23339,1
23340,1
23344,1
23350,1
23353,1
23359,1
23360,1
23361,1
23362,1
23363,4
23425,1
23426,1
23427,1
23428,1
23429,6
23430,1
23431,1
23432,1
23433,1
23434,1
23435,1
23436,2
23437,1
23438,1
23439,1
23440,1
23441,1
23442,1
23443,1
23444,1
23445,1
23446,1
23449,1
23450,1
23451,1
23452,1
23453,4
23454,4
23455,1
23456,4
23457,1
23458,1
23459,1
23460,1
23461,1
23462,1
23463,1
23464,1
23465,1
23466,1
23467,1
23468,1
23470,1
23471,1
23472,1
23473,4
23474,1
23475,1
23476,1
23477,1
23478,1
23479,6
23480,1
23481,1
23482,1
23483,1
23484,1
23485,1
23486,1
23488,1
23489,12
23490,2
23491,1
23492,1
23493,1
23494,1
23495,1
23498,2
23499,2
23500,1
23501,4
23502,1
23503,1
23504,1
23505,2
23506,1
23507,18
23508,5
23509,1
23510,1
23512,10
23513,1
23514,1
23515,1
23516,12
23517,1
23518,8
23519,1
23520,1
23521,1
23522,1
23523,2
23524,1
23525,1
23526,1
23527,26
23528,4
23529,1
23530,3
23531,2
23532,1
23533,3
23534,1
23535,1
23536,6
23537,1
23538,1
23539,6
23540,1
23541,1
23542,10
23543,1
23544,1
23545,1
23546,1
23547,1
23548,8
23549,1
23550,1
23552,2
23553,1
23554,1
23555,1
23556,2
23557,1
23558,1
23559,6
23560,4
23561,1
23562,1
23563,1
23564,4
23565,1
23566,6
23567,1
23568,1
24769,1
24806,1
25257,1
25270,1
25288,1
25457,1
25527,1
25627,1
25661,1
26698,1
26829,1
26830,1
26831,1
26832,4
26833,12
26834,4
26835,30
26836,1
26837,14
26838,1
26839,1
26840,1
26841,9
26842,15
26843,1
26844,1
26845,1
26846,1
26857,1
26858,1
26859,1
26860,2
27145,12
27146,1
27147,1
27148,10
27149,1
27150,1
27151,1
27152,1
27153,1
27154,2
27155,1
27156,2
27157,2
27158,1
27159,6
27160,1
27161,1
27162,1
27163,1
27164,4
27165,1
27166,1
27167,1
27168,1
27169,1
27170,1
27171,1
27172,1
27173,1
27174,1
27175,1
27176,1
27177,16
27178,1
27179,1
27180,1
27181,2
27182,1
27183,1
27184,1
27185,1
27186,18
27187,10
27188,6
27189,1
27190,1
27191,1
27192,1
27193,1
27194,1
27195,1
27196,2
27197,1
27198,1
27199,2
27200,2
27201,1
27202,1
27203,8
27205,1
27206,1
27207,1
27208,1
27209,2
27210,2
27211,1
27212,8
27213,1
27214,1
27215,1
27216,1
27217,20
27218,4
27219,1
27220,4
27221,1
27222,12
27223,1
27224,6
27225,1
27226,1
27227,1
27228,1
27229,1
27230,2
27231,1
27232,1
27233,5
27234,1
27235,1
27236,1
27237,1
27238,12
27239,1
27240,8
27241,1
27242,1
27243,1
27244,20
27245,8
27744,1
27746,1
27752,1
27944,1
27945,1
27946,1
27947,1
27948,4
27949,10
27950,2
27951,1
27952,14
27953,1
27954,1
27955,1
27956,1
27957,1
27958,14
27959,1
27960,1
27961,1
27962,1
27963,1
27964,1
27965,1
27966,1
27967,4
27968,1
27969,6
27970,2
27971,1
27972,1
27973,1
27974,1
27975,1
27976,1
27977,12
27978,20
27979,1
27980,1
27981,10
27982,1
27983,2
27984,2
27985,1
27986,1
27987,1
27988,19
27989,1
27990,3
27991,1
27992,14
27993,1
27994,1
27995,2
27996,1
27997,1
27998,1
27999,1
28000,1
28001,3
28002,1
28003,1
28004,1
28005,1
28006,4
28009,1
28010,1
28011,1
28012,1
28013,1
28014,1
28015,14
28016,16
28017,1
28018,1
28019,1
28020,1
28021,1
28022,1
28023,1
28024,1
28025,1
28026,2
28027,1
28028,1
28029,6
28030,1
28031,10
28032,8
28033,1
28034,1
28035,16
28036,1
28037,1
28038,1
28039,1
28040,3
28041,8
28042,4
28043,70
28044,1
28045,1
28046,1
28047,2
28048,1
28049,8
28050,4
28051,1
28052,2
28053,1
28054,2
28055,1
28056,1
28057,1
28058,1
28059,1
28060,12
28061,4
28062,8
28063,1
28064,1
28065,1
28066,2
28067,1
28068,1
28069,1
28070,6
28071,10
28072,4
28074,6
28075,1
28076,1
28077,1
28078,1
28079,1
28080,1
28081,1
28082,1
28083,1
28084,1
28085,1
28086,1
28087,1
28088,1
28089,12
28090,6
28091,4
28092,1
28093,1
28094,1
28095,6
28096,8
28097,1
28098,1
28099,12
28100,2
28101,4
28102,1
28103,8
28104,1
28106,24
28107,1
28108,10
28109,1
28110,1
28111,2
28112,2
28113,3
28114,1
28115,1
28116,1
28117,1
28118,1
28119,24
28120,1
28121,1
28122,2
28123,1
28124,1
28125,1
28126,1
28127,8
28128,2
28129,10
28130,1
28131,1
28132,1
28133,1
28134,1
28135,1
28136,1
28137,1
28138,1
28139,1
28140,1
28141,68
28142,1
28143,1
28144,2
28145,1
28146,34
28147,24
28148,8
28149,1
28150,1
28151,1
28152,1
28153,1
28154,2
28155,1
28156,2
28157,16
28158,1
28159,1
28160,1
28161,1
28162,1
28163,1
28164,2
28165,10
28166,1
28167,1
28168,1
28169,1
28170,1
28171,8
28172,1
28173,8
28174,1
28175,4
28176,12
28177,2
28178,4
28179,8
28180,12
28181,1
28182,3
28183,14
28184,1
28185,8
28186,1
28187,1
28188,1
28189,28
28190,8
28191,4
28192,1
28194,8
28197,1
28198,1
28199,1
28200,4
28201,8
28202,1
28203,4
28204,2
28205,1
28206,1
28207,1
28208,1
28209,1
28210,1
28211,1
28212,2
28213,26
28214,1
28215,1
28216,4
28217,1
28218,12
28219,20
28220,1
28221,10
28222,1
28223,1
28224,1
28961,1
28965,1
29011,1
29016,1
29178,1
29179,1
29182,1
29183,1
29184,1
29185,1
29186,1
29187,1
29188,1
29189,1
29190,2
29191,6
29192,1
29193,1
29194,1
29195,1
29196,1
29197,1
29198,1
29199,4
29200,4
29201,1
29202,1
29204,4
29205,1
29206,1
29207,1
29208,1
29209,1
29210,1
29211,1
29212,1
29213,1
29214,20
29215,2
29216,2
29217,10
29218,1
29219,1
29220,1
29221,1
29222,7
29223,1
29224,1
29225,10
29226,2
29227,1
29228,1
29229,1
29230,1
29231,1
29232,1
29233,1
29234,4
29235,4
29236,3
29237,1
29238,1
29239,1
29240,2
29241,1
29242,8
29243,1
29244,4
29245,4
29246,1
29247,2
29248,1
29249,1
29250,1
29255,6
29258,4
29259,1
29260,8
29261,1
29262,8
29263,1
29264,1
29265,1
29266,1
29267,1
29268,4
29269,28
29270,1
29271,1
29272,1
29273,1
29274,1
29275,1
29276,1
29277,1
29278,2
29279,2
29280,1
29281,1
29282,1
29283,1
29284,1
29285,1
29286,1
29287,1
29288,1
29289,1
29290,10
29291,8
29292,1
29293,1
29294,1
29295,1
29297,1
29298,1
29299,1
29300,1
29301,1
29302,1
29303,2
29304,12
29305,20
29306,1
29307,1
29308,1
29309,1
29310,1
29311,24
29312,1
29313,1
29314,8
29315,8
29316,1
29317,1
29318,1
29319,1
29320,1
29321,1
29322,1
29323,1
29324,1
29325,1
29326,4
29327,1
29328,1
29329,2
29330,8
29331,12
29332,8
29333,2
29334,12
29335,1
29336,1
29337,1
29338,1
29339,1
29340,1
29341,1
29342,1
29343,1
29344,2
29345,8
29346,1
29347,3
29348,1
29349,2
29350,1
29351,1
29352,1
29353,1
29354,1
29355,1
29356,1
29357,1
29358,8
29359,7
29361,4
29362,1
29363,1
29365,1
29366,1
29367,1
29368,1
29369,1
29370,2
29371,1
29372,1
29373,2
29376,12
29378,1
29382,1
29383,1
29384,1
29385,1
29386,16
29391,1
29392,2
29393,1
29394,1
29395,1
29396,10
29397,1
29398,2
29399,1
29400,2
29401,2
29402,1
29403,1
29404,6
29405,2
29406,1
29407,1
29408,1
29409,1
29410,4
29411,1
29412,1
29413,1
29414,1
29415,2
29416,3
29417,1
29418,1
29419,1
29420,16
29421,1
29422,1
29423,1
29425,1
29426,4
29427,1
29428,1
29429,1
29430,1
29431,3
29432,1
29452,1
29453,4
29454,16
29455,1
29456,4
29459,1
29460,1
29461,1
29463,2
29464,1
29465,1
29466,2
29467,1
29468,1
29469,2
29471,1
29472,1
29473,8
29475,1
29476,1
29477,1
29480,1
29481,1
29482,1
